387228,PROVINCE,ADMINISTRATIVE_AREA_1,"Newfoundland and Labrador","{NL,NF}",63.57621,[],,"Newfoundland and Labrador",
709585,REGION,MANAGEMENT_UNIT,"Zone 6 (Northern Labrador) Region",{},15.52239,[387228],,"Zone 6 (Northern Labrador) Region",
709583,REGION,MANAGEMENT_UNIT,"Zone 1 (Insular Newfoundland) Region",{},13.57320,[387228],,"Zone 1 (Insular Newfoundland) Region",
709582,REGION,MANAGEMENT_UNIT,"Zone 4 (Western Labrador) Region",{},10.81448,[387228],,"Zone 4 (Western Labrador) Region",
709586,REGION,MANAGEMENT_UNIT,"Zone 5 (Central Labrador)",{},10.55149,[387228],,"Zone 5 (Central Labrador)",
709584,REGION,MANAGEMENT_UNIT,"Zone 3 (Southeastern Labrador) Region",{},3.85246,[387228],,"Zone 3 (Southeastern Labrador) Region",
709587,REGION,MANAGEMENT_UNIT,"Zone 2 (Labrador-Strait of Belle Isle) Region",{},0.41510,[387228],,"Zone 2 (Labrador-Strait of Belle Isle) Region",
